{"cameraMode":{"drawMode":0,"name":"Shaded","section":"Shading Mode"},"sceneLighting":true,"audioPlay":false,"sceneViewState":{"m_AlwaysRefresh":false,"showFog":true,"showSkybox":true,"showFlares":true,"showImageEffects":true,"showParticleSystems":true,"showVisualEffectGraphs":true,"m_FxEnabled":true},"in2DMode":false,"pivot":{"x":-7.4880218505859379,"y":-112.13206481933594,"z":190.90011596679688},"rotation":{"x":0.30902108550071719,"y":-0.0681176707148552,"z":0.022196320816874505,"w":0.9483553767204285},"size":93.75686645507813,"orthographic":false}